Japan,Echinorhi,85469,14001
Jordan,Crow,39883,14002
Missouri,Chiloscyl,12682,14003
Mississip,Cormorant,42667,14004
Maine,Black_pan,23799,14005
Nauru,Goldfinch,94545,14006
Maryland,Gazelle,81053,14007
Uganda,Flamingo,71861,14008
Dominica,Prionace_,3775,14009
NEW_ZEALA,Squalifor,99062,14010
Turkey,Scoliodon,41553,14011
Florida,Isogompho,72665,14012
Massachus,Pygmy_Sha,97065,14013
Lithuania,Swallow,47712,14014
Australia,Guanaco,21944,14015
Wyoming,Cobra,46736,14016
Arizona,Goldfinch,62274,14017
Switzerla,Hornet,67345,14018
Florida,Reindeer,44215,14019
France,Manatee,18491,14020
Uzbekista,Hawk,2717,14021
Kiribati,Skunk,80843,14022
Samoa,Donkey,37815,14023
Slovakia,Pinniped,2762,14024
EL_SALVAD,Ostrich,40397,14025
Namibia,Sphyrna_l,87734,14026
EQUATORIA,Anatidae,89972,14027
Cyprus,Wren,61716,14028
Tennessee,Lamna,54882,14029
Rhode_Isl,Jackal,73349,14030
Monaco,Moose,74794,14031
Kiribati,Black_pan,41807,14032
Serbia,Hamster,7362,14033
Tunisia,Anatidae,3955,14034
Samoa,Wombat,23752,14035
New_Mexic,Heron,95399,14036
Vatican_C,Rhinocero,32633,14037
Australia,Cheetah,55029,14038
Jordan,Rhizoprio,51331,14039
Zimbabwe,Camel,6254,14040
Canada,Sheep,42794,14041
Greece,Dogfish,74289,14042
Wyoming,Heron,3554,14043
Finland,Hamster,17898,14044
Uruguay,Manatee,42839,14045
Vatican_C,Coyote,36766,14046
Uganda,Heron,99521,14047
Malta,Prionace_,80692,14048
Ireland,Alligator,44832,14049
Japan,Mouse,47132,14050
Nauru,Moose,46547,14051
Slovakia,Swan,64930,14052
Tanzania,Fish,9523,14053
Mozambiqu,Giraffe,76129,14054
Nepal,Carcharhi,66680,14055
Italy,Isurus,24986,14056
Singapore,Scoliodon,88983,14057
Wyoming,Cormorant,50453,14058
Latvia,Dolphin,98716,14059
Alaska,Mallard,9954,14060
Australia,Echinorhi,60566,14061
Saudi_Ara,Prionace_,20577,14062
Guatemala,Jackal,26124,14063
DOMINICAN,Pygmy_Sha,26135,14064
Hawaii,Prionace,40023,14065
Greece,Alligator,81105,14066
Netherlan,Orectolob,94106,14067
Missouri,Jaguar,60088,14068
Michigan,Fox,204,14069
CZECH_REP,Dolphin,14898,14070
Illinois,Cirrhoscy,43563,14071
Serbia,Reindeer,83699,14072
Missouri,Flamingo,43440,14073
MARSHALL_,Lion,96718,14074
Alaska,Pinniped,70543,14075
Nebraska,Louse,83045,14076
Nepal,Mouse,6612,14077
North_Car,Rhinocero,37630,14078
Michigan,Otter,44195,14079
Serbia,Apristuru,73378,14080
Alabama,Carcharhi,6756,14081
Tennessee,Cirrhoscy,81037,14082
Namibia,Hyena,10964,14083
COSTA_RIC,Ram,18044,14084
TRINIDAD_,Angel_sha,72054,14085
Slovakia,Pony,30169,14086
Alabama,Rhizoprio,67699,14087
Cyprus,Pinniped,23008,14088
Nigeria,Chamois,5638,14089
North_Car,Cheetah,90676,14090
Slovakia,Hemiscyll,33420,14091
Sudan,Badger,10777,14092
Namibia,Fish,78393,14093
TRINIDAD_,Ostrich,61332,14094
Missouri,Parmaturu,45795,14095
TRINIDAD_,Pony,2439,14096
Illinois,Chamois,46028,14097
Taiwan,Partridge,43050,14098
Ghana,Pelican,80400,14099
Sweden,Nightinga,13968,14100
Hawaii,Manatee,2351,14101
Texas,Carcharhi,42391,14102
Florida,Carcharhi,87698,14103
Slovenia,Pristioph,66535,14104
Oregon,Zebra,43671,14105
Zambia,Triakis,72502,14106
Cyprus,Rhizoprio,11047,14107
Cyprus,Dolphin,56532,14108
Latvia,Rhinocero,24750,14109
Washingto,Parascyll,43494,14110
Wisconsin,Chiloscyl,72866,14111
Massachus,Cirrhoscy,56534,14112
Spain,Triaenodo,35109,14113
Rhode_Isl,American_,70346,14114
Jordan,Camel,92185,14115
Tonga,Moose,33922,14116
Lithuania,Hyena,3860,14117
Wyoming,Partridge,91644,14118
Italy,Snipe,28851,14119
Michigan,Columbida,28645,14120
Oregon,Flamingo,93311,14121
Ecuador,Partridge,29771,14122
EL_SALVAD,Goose,90836,14123
DOMINICAN,Goose,7595,14124
Latvia,Pony,13720,14125
Cyprus,Swan,79137,14126
NEW_ZEALA,Pony,95978,14127
Slovenia,Columbida,64544,14128
Canada,Donkey,17773,14129
Switzerla,Ram,98374,14130
Alaska,Cirrhoscy,45373,14131
Alaska,Hemiscyll,88281,14132
Lithuania,Anatidae,28666,14133
Madagasca,Angel_sha,51767,14134
Vatican_C,Mule,62446,14135
Croatia,Triakis,19926,14136
Ecuador,Triakis,48049,14137
Switzerla,Carcharhi,90997,14138
Vatican_C,Giraffe,2117,14139
Nebraska,Otter,76551,14140
Taiwan,Lion,79652,14141
Guatemala,Fox,6909,14142
Lithuania,Orectolob,58829,14143
Californi,Carcharhi,83726,14144
Illinois,Wren,53300,14145
Vatican_C,Lamniform,23379,14146
Samoa,Prionace_,97972,14147
Malta,Apristuru,5058,14148
Zambia,Negaprion,31129,14149
Kiribati,Rhizoprio,35458,14150
Wyoming,Echinorhi,69806,14151
Guatemala,Giraffe,27977,14152
Spain,Lamniform,42362,14153
Uzbekista,Heron,85553,14154
Pennsylva,Camel,59769,14155
Zambia,Orectolob,89644,14156
Serbia,Wren,49108,14157
Canada,Lion,16835,14158
Nigeria,Raven,54762,14159
Slovenia,Dolphin,75933,14160
Ecuador,Goldfinch,16282,14161
Slovenia,Orectolob,40263,14162
Ireland,Gorilla,63226,14163
Ukraine,Human,68597,14164
New_Mexic,Apristuru,97223,14165
Minnesota,Bullhead_,66693,14166
Monaco,Carcharhi,60664,14167
Zambia,Goose,59366,14168
Alabama,Snipe,67931,14169
Serbia,Moose,18092,14170
Californi,Zebra,72403,14171
Namibia,Hemitriak,42113,14172
Arizona,Reindeer,42914,14173
Michigan,Parascyll,95352,14174
CZECH_REP,Pelican,46381,14175
Romania,Echinorhi,87228,14176
Massachus,Magpie,64450,14177
Malta,Isogompho,52114,14178
Arizona,Prionace,84828,14179
Slovakia,Beaver,11198,14180
Missouri,Gazelle,9875,14181
Zambia,Apristuru,49623,14182
Japan,Dogfish,1881,14183
EQUATORIA,Fox,4958,14184
Missouri,Cheetah,19548,14185
EL_SALVAD,Zebra,36186,14186
Zimbabwe,Camel,47510,14187
Cyprus,Swan,56165,14188
Greece,Sheep,24409,14189
Colombia,Dolphin,72341,14190
Hawaii,Gorilla,80551,14191
France,Peafowl,35569,14192
Spain,Fox,77515,14193
Uzbekista,Hemitriak,94711,14194
Georgia,Hornet,20987,14195
Mozambiqu,Prionace_,32711,14196
Georgia,Bullhead_,57910,14197
TRINIDAD_,Columbida,52496,14198
Grenada,Heron,42433,14199
Nigeria,Skunk,63819,14200
Cyprus,Mallard,67324,14201
Taiwan,Mule,22997,14202
Tunisia,Pelican,59519,14203
Namibia,Sawshark,59672,14204
Vatican_C,Lion,85893,14205
Serbia,Carcharhi,41924,14206
Tonga,Ostrich,43800,14207
Morocco,Isogompho,16470,14208
Missouri,Dogfish,80926,14209
North_Car,Echinorhi,67950,14210
Nebraska,Dogfish,12793,14211
Slovakia,Badger,22855,14212
Maryland,Fox,14488,14213
Ecuador,Flamingo,19961,14214
Slovakia,Pony,24720,14215
Slovakia,Orectolob,66853,14216
Sweden,Sheep,86709,14217
Sweden,Quail,7946,14218
Tuvalu,Alligator,54005,14219
Japan,Raven,10956,14220
Arizona,Fish,49838,14221
New_Mexic,Isurus,93280,14222
Uruguay,Triakis,44485,14223
Grenada,Apristuru,39881,14224
Ghana,Hyena,95348,14225
Michigan,Pony,93045,14226
Louisiana,Sphyrna_l,37110,14227
Dominica,Rhinocero,84591,14228
Minnesota,Hyena,59776,14229
Finland,Rhinocero,40144,14230
Saudi_Ara,Louse,30170,14231
Ethiopia,Peafowl,78305,14232
Missouri,Gazelle,80908,14233
Ghana,Ram,67899,14234
Spain,Rhinocero,55922,14235
Zambia,Baboon,23359,14236
Kiribati,Louse,21276,14237
Maryland,Dolphin,65219,14238
TRINIDAD_,Mule,77004,14239
Serbia,Hawk,87567,14240
Nigeria,Snipe,9082,14241
Georgia,Lamna,88577,14242
Vatican_C,Peafowl,53119,14243
Kiribati,Hawk,8580,14244
Croatia,Prionace_,1818,14245
Guatemala,Fish,5405,14246
Australia,Cobra,73911,14247
WESTERN_S,Anatidae,34121,14248
Maine,Wombat,22738,14249
Tunisia,Hamster,25134,14250
Malawi,Dogfish,13202,14251
Missouri,Guanaco,68271,14252
Madagasca,Lamniform,64653,14253
Australia,Hemitriak,8516,14254
Taiwan,Camel,64420,14255
Denmark,Whale_Sha,46941,14256
CZECH_REP,Poroderma,63884,14257
Canada,Swan,58549,14258
Cyprus,Swan,88806,14259
Canada,Flamingo,50866,14260
Maine,Coccinell,41562,14261
Alabama,Giant_Pan,63393,14262
Cyprus,Moose,28227,14263
Ethiopia,Mallard,93733,14264
Wyoming,Pinniped,54122,14265
DOMINICAN,Alligator,60676,14266
Ukraine,Baboon,8784,14267
Louisiana,Goose,40637,14268
Grenada,American_,80008,14269
South_Car,Cheetah,88755,14270
Mozambiqu,Polecat,48907,14271
New_Jerse,Rhizoprio,87251,14272
Monaco,Carcharhi,12366,14273
Malta,Guanaco,58324,14274
TRINIDAD_,Pristioph,37738,14275
Taiwan,Echinorhi,64908,14276
Ireland,Jaguar,77084,14277
Maine,Squalifor,59588,14278
Missouri,Jackal,60212,14279
Michigan,Cobra,37700,14280
Uganda,Sphyrna_l,18185,14281
Missouri,Cormorant,60864,14282
CZECH_REP,Mouse,42951,14283
Switzerla,Hyena,50727,14284
WESTERN_S,Swan,64307,14285
France,Carcharhi,57191,14286
Thailand,Carcharhi,37799,14287
MARSHALL_,Fish,2012,14288
Luxembour,Snipe,79195,14289
MARSHALL_,Flamingo,39449,14290
Madagasca,Fox,8499,14291
Netherlan,Cirrhoscy,71126,14292
Croatia,Raven,82255,14293
Malta,Swan,75967,14294
Canada,Anatidae,59261,14295
New_Jerse,Bullhead_,8942,14296
Slovakia,Alligator,72185,14297
Nigeria,Giant_Pan,89726,14298
Samoa,Quail,53717,14299
Morocco,Goldfinch,53779,14300
Greece,Zebra,65202,14301
New_Jerse,Hornet,70707,14302
Mozambiqu,Hemitriak,35275,14303
Uruguay,Baboon,89890,14304
Uzbekista,Prionace,81651,14305
Monaco,Partridge,40912,14306
Samoa,Carcharhi,76470,14307
Arizona,Triaenodo,48264,14308
Vatican_C,Heron,33541,14309
Nigeria,Hawk,17447,14310
Mississip,Rhizoprio,9519,14311
Lithuania,Parmaturu,26733,14312
Maine,Swan,75890,14313
Texas,Lamniform,40979,14314
New_Mexic,Alligator,14825,14315
Washingto,Whale_Sha,38960,14316
Californi,Ostrich,66164,14317
Samoa,Crow,92431,14318
Uzbekista,Giant_Pan,93189,14319
Uzbekista,Sawshark,56936,14320
Minnesota,Swallow,95922,14321
Japan,Sphyrna_l,80597,14322
North_Car,Isurus,94971,14323
Ethiopia,Raven,5109,14324
Alabama,Raven,81284,14325
Taiwan,Isurus,72556,14326
Greece,Isurus,82504,14327
Alaska,Crow,30189,14328
Georgia,Wren,37589,14329
Uruguay,Isogompho,19152,14330
Uganda,Apristuru,51349,14331
Netherlan,Wren,25683,14332
Californi,Wren,59358,14333
Grenada,Negaprion,19887,14334
Florida,Guanaco,77909,14335
Tunisia,Isogompho,10899,14336
Kiribati,Coccinell,60853,14337
WESTERN_S,Black_pan,28077,14338
Kiribati,Negaprion,76703,14339
Jordan,Nightinga,62203,14340
Pennsylva,Triaenodo,86882,14341
Italy,Bison,51904,14342
Michigan,Wren,49296,14343
Pennsylva,Carcharhi,47839,14344
Colombia,Mallard,79365,14345
Wisconsin,Whale_Sha,87959,14346
Nepal,Magpie,90609,14347
Nauru,Alligator,78492,14348
Ecuador,Snipe,56231,14349
Malta,Mule,83198,14350
Barbados,Raven,60343,14351
Nepal,Hyena,43175,14352
Washingto,Guanaco,56864,14353
Ethiopia,Gorilla,24009,14354
Texas,Badger,76233,14355
Uganda,Columbida,50367,14356
Mozambiqu,Pristioph,18195,14357
DOMINICAN,Rhinocero,58531,14358
MARSHALL_,Chamois,3745,14359
Maryland,Manatee,99029,14360
Luxembour,Badger,46620,14361
Uganda,Bullhead_,1146,14362
Tennessee,American_,3950,14363
Taiwan,Beaver,22824,14364
Nauru,Lamniform,47438,14365
Morocco,Mouse,15382,14366
Oregon,Hawk,95925,14367
Netherlan,Nightinga,54971,14368
Minnesota,Scoliodon,42528,14369
Morocco,Pinniped,44376,14370
Pennsylva,Scoliodon,37142,14371
France,Hemitriak,64324,14372
Pennsylva,Alligator,69265,14373
Dominica,Sawshark,53546,14374
Illinois,Whale_Sha,30108,14375
Virginia,Isurus,93894,14376
Australia,Magpie,88593,14377
Arizona,Manatee,99194,14378
New_Jerse,Jaguar,69861,14379
Oregon,Peafowl,84974,14380
Tennessee,Guanaco,37928,14381
Maryland,Pelican,13746,14382
Netherlan,Mule,43078,14383
Finland,Zebra,59291,14384
Jordan,Anatidae,91334,14385
Virginia,Louse,67562,14386
France,Pinniped,38023,14387
NEW_ZEALA,Bullhead_,60199,14388
Wyoming,Reindeer,5187,14389
Switzerla,Cormorant,5320,14390
Vatican_C,Scoliodon,78839,14391
CZECH_REP,Lion,31907,14392
North_Car,Hamster,52879,14393
Denmark,Snipe,3200,14394
Mozambiqu,American_,40602,14395
North_Car,Mallard,9978,14396
Illinois,Moose,21091,14397
Denmark,Hornet,96635,14398
Jordan,Columbida,9440,14399
Croatia,Sheep,46056,14400
Netherlan,Negaprion,89509,14401
Florida,Anatidae,83582,14402
New_Jerse,Giraffe,64556,14403
Mozambiqu,Jackal,95224,14404
Italy,Lamna,78836,14405
Saudi_Ara,Camel,16152,14406
Slovenia,Cirrhoscy,42428,14407
Romania,Poroderma,64568,14408
Turkey,Swallow,99635,14409
Pennsylva,Baboon,16138,14410
Ethiopia,Jackal,57625,14411
Kiribati,Mouse,436,14412
Malaysia,Beaver,20615,14413
Rhode_Isl,Goose,43582,14414
Minnesota,Isurus,11645,14415
Rhode_Isl,Angel_sha,98733,14416
Barbados,Gazelle,23019,14417
Singapore,Dolphin,71588,14418
Jordan,Angel_sha,27913,14419
Washingto,Cormorant,49198,14420
Malaysia,Cheetah,8940,14421
Monaco,Sawshark,35280,14422
Colombia,Gorilla,73695,14423
Taiwan,Nightinga,12905,14424
Zambia,Cobra,67597,14425
Sudan,Poroderma,1636,14426
Ireland,Goose,11962,14427
Mozambiqu,Triakis,80313,14428
Minnesota,Cobra,13345,14429
Alabama,Pelican,9967,14430
NEW_ZEALA,Hyena,97682,14431
Luxembour,Hyena,46379,14432
Malawi,Parmaturu,21124,14433
Zimbabwe,Baboon,97811,14434
Ecuador,Zebra,82562,14435
Missouri,Coccinell,49287,14436
Massachus,Giraffe,68885,14437
Wyoming,Peafowl,78724,14438
Texas,Scoliodon,33717,14439
Wyoming,Rhizoprio,28835,14440
Ireland,Gorilla,43050,14441
Serbia,Goldfinch,74207,14442
Morocco,Otter,6254,14443
Massachus,Scoliodon,79644,14444
Tonga,Skunk,83030,14445
Ukraine,Skunk,52643,14446
Namibia,Fish,64183,14447
Alabama,Fox,6726,14448
North_Car,Dogfish,66592,14449
Barbados,Parascyll,50438,14450
Kiribati,Parascyll,61613,14451
MARSHALL_,Isurus,83371,14452
Serbia,Triakis,6142,14453
Uganda,Black_pan,69583,14454
Nauru,Echinorhi,34963,14455
Virginia,Camel,68344,14456
Grenada,Manatee,97296,14457
Arizona,Rhinocero,91154,14458
Uganda,Negaprion,59080,14459
New_Mexic,Echinorhi,71472,14460
Turkey,Lamna,3647,14461
North_Car,Dolphin,42856,14462
Slovenia,Mallard,73507,14463
Ukraine,Hornet,98369,14464
Uganda,Pelican,57282,14465
Namibia,Apristuru,22595,14466
Tanzania,Whale_Sha,13425,14467
Nauru,Flamingo,91287,14468
Cyprus,Prionace_,7426,14469
Louisiana,Echinorhi,40613,14470
Pennsylva,Parmaturu,23270,14471
Monaco,Pristioph,97993,14472
Nigeria,Dolphin,96711,14473
Tanzania,Zebra,60198,14474
Jordan,Manatee,74425,14475
New_Jerse,Poroderma,17633,14476
Rhode_Isl,Swan,10985,14477
Mississip,Guanaco,91312,14478
Zambia,Ostrich,33880,14479
Uzbekista,Pelican,69147,14480
MARSHALL_,Orectolob,23811,14481
Nigeria,Carcharhi,54954,14482
Texas,Lamna,92493,14483
Ukraine,Camel,32674,14484
Nepal,Angel_sha,59921,14485
Namibia,Angel_sha,38792,14486
Canada,Dogfish,19055,14487
Tonga,Triakis,90541,14488
WESTERN_S,Fox,24547,14489
Virginia,Scoliodon,10133,14490
Tonga,Jackal,71378,14491
Finland,Pinniped,89872,14492
Florida,Chiloscyl,23316,14493
Greece,Poroderma,52329,14494
Singapore,Beaver,65926,14495
Netherlan,Snipe,54133,14496
Spain,Gorilla,36879,14497
NEW_ZEALA,Chiloscyl,37772,14498
Kiribati,Rhinocero,45483,14499
Rhode_Isl,Prionace_,94672,14500
Tanzania,Poroderma,10921,14501
Colombia,Bullhead_,50950,14502
Uganda,Parascyll,84721,14503
TRINIDAD_,Beaver,62283,14504
Saudi_Ara,Pinniped,50319,14505
Illinois,Chiloscyl,32395,14506
Singapore,Wombat,53193,14507
Sudan,Whale_Sha,52146,14508
Sudan,Dogfish,9942,14509
DOMINICAN,Mule,43638,14510
Missouri,Negaprion,46006,14511
Croatia,Apristuru,42686,14512
Japan,Giraffe,80325,14513
Croatia,Cirrhoscy,70666,14514
Netherlan,Triaenodo,84891,14515
Massachus,Hemitriak,49891,14516
North_Car,Quail,28037,14517
Namibia,Jackal,73547,14518
COSTA_RIC,Donkey,82534,14519
Barbados,Jaguar,91825,14520
Netherlan,Hornet,90641,14521
Barbados,Swallow,21194,14522
Morocco,Echinorhi,65189,14523
Tanzania,Dolphin,53806,14524
Ethiopia,Camel,74877,14525
Rhode_Isl,Fish,3162,14526
Italy,Negaprion,42062,14527
Finland,Manatee,4162,14528
Texas,Hamster,2745,14529
Cyprus,Rhizoprio,70664,14530
Romania,Gorilla,13072,14531
Tanzania,Wombat,1664,14532
Ethiopia,Magpie,75432,14533
EQUATORIA,Dolphin,9255,14534
Nauru,Negaprion,63591,14535
Mozambiqu,Ostrich,62962,14536
Illinois,Hemiscyll,91293,14537
Californi,Carcharhi,4671,14538
Georgia,Hawk,87185,14539
Ireland,Black_pan,23287,14540
Maine,Peafowl,85985,14541
Malawi,Coyote,1584,14542
Pennsylva,Columbida,40105,14543
Nauru,Chiloscyl,95451,14544
South_Car,Polecat,75928,14545
Madagasca,Isogompho,74785,14546
Zimbabwe,Hemiscyll,50511,14547
Rhode_Isl,Hamster,81714,14548
North_Car,Echinorhi,77362,14549
Colombia,Isurus,43877,14550
Ethiopia,Mouse,45974,14551
Serbia,Prionace,99663,14552
Tonga,Bison,65179,14553
Nigeria,Sphyrna_l,29982,14554
Netherlan,Gorilla,32072,14555
Tennessee,Sawshark,28963,14556
Ghana,Human,98431,14557
Maryland,Lamniform,88718,14558
Ethiopia,Crow,5922,14559
Kiribati,Pony,74199,14560
Uganda,Otter,38708,14561
Louisiana,Otter,57515,14562
North_Car,Black_pan,12253,14563
Maryland,Lion,46177,14564
Slovakia,Zebra,40208,14565
Grenada,Donkey,51034,14566
Uganda,Ram,50723,14567
Louisiana,Isurus,88863,14568
Samoa,Gorilla,97657,14569
Ukraine,Giant_Pan,424,14570
Madagasca,Hawk,38987,14571
Barbados,Mouse,97318,14572
Zimbabwe,Hamster,98156,14573
Monaco,Ram,11722,14574
Luxembour,Reindeer,86395,14575
Tennessee,Negaprion,78051,14576
Japan,Black_pan,64193,14577
Latvia,Mule,88710,14578
Nauru,Parascyll,22389,14579
Samoa,Dolphin,16209,14580
Maryland,Otter,73091,14581
Guatemala,Chamois,98596,14582
Nigeria,Sawshark,40238,14583
NEW_ZEALA,Camel,31067,14584
Namibia,Wombat,4538,14585
Croatia,Lion,5631,14586
Pennsylva,Carcharhi,88136,14587
Turkey,Cirrhoscy,30673,14588
Madagasca,Giant_Pan,16871,14589
Tuvalu,Louse,57570,14590
Sudan,Angel_sha,74974,14591
Taiwan,Negaprion,60148,14592
Mississip,Chamois,70376,14593
Uzbekista,Alligator,68032,14594
Singapore,Pelican,19536,14595
Nigeria,Lamniform,20873,14596
North_Car,Hyena,64389,14597
Barbados,Beaver,27594,14598
Tuvalu,Bison,62899,14599
Finland,Nightinga,15777,14600
Greece,Pristioph,76235,14601
Alaska,Hawk,90935,14602
Colombia,Otter,24118,14603
Minnesota,Mule,72457,14604
Missouri,Heron,74278,14605
Latvia,Beaver,405,14606
Namibia,Hawk,48397,14607
Georgia,Peafowl,99809,14608
Singapore,Raven,49164,14609
Virginia,Cormorant,7045,14610
Japan,Gorilla,87562,14611
Zambia,Prionace,90231,14612
Zimbabwe,Isurus,64904,14613
Malawi,Goldfinch,24862,14614
Vatican_C,Rhinocero,27302,14615
France,Coccinell,99043,14616
Lithuania,Cormorant,41725,14617
Ukraine,Hyena,6570,14618
Monaco,Chiloscyl,97383,14619
New_Jerse,Beaver,62622,14620
Arizona,Badger,11546,14621
CZECH_REP,Gerbil,90790,14622
Hawaii,Partridge,52465,14623
Tennessee,Parmaturu,30567,14624
Croatia,American_,5464,14625
Croatia,Pony,88379,14626
Japan,Black_pan,11549,14627
Sudan,Black_pan,60282,14628
Nigeria,Crow,41669,14629
Sudan,Cirrhoscy,89710,14630
Namibia,Angel_sha,99528,14631
MARSHALL_,Parmaturu,81459,14632
Colombia,Chiloscyl,3323,14633
Thailand,Hyena,18597,14634
Mozambiqu,Cirrhoscy,93525,14635
Louisiana,Gerbil,33086,14636
Tonga,Hemiscyll,40048,14637
Tanzania,Alligator,44552,14638
Slovenia,Prionace,99297,14639
Pennsylva,Parascyll,38486,14640
Minnesota,Partridge,17451,14641
Colombia,Echinorhi,62687,14642
Mississip,Isogompho,57892,14643
Malta,Wren,89825,14644
Wyoming,Black_pan,80406,14645
Malta,Sphyrna_l,41355,14646
Sudan,Angel_sha,53866,14647
Croatia,Ostrich,77010,14648
New_Mexic,Quail,50004,14649
Greece,Chamois,86142,14650
Californi,Lamna,74785,14651
EQUATORIA,Hamster,52826,14652
Nauru,Triakis,51373,14653
Turkey,Whale_Sha,38286,14654
Turkey,Goose,33574,14655
Malawi,Chiloscyl,14563,14656
Nauru,Giant_Pan,52432,14657
Ecuador,Prionace,59908,14658
Zimbabwe,Dogfish,16047,14659
Guatemala,Columbida,25452,14660
Saudi_Ara,Triakis,35107,14661
Tennessee,Poroderma,24697,14662
Luxembour,Sphyrna_l,48850,14663
Greece,Gerbil,19333,14664
Canada,Lion,6202,14665
Pennsylva,Sawshark,49019,14666
Oregon,Dolphin,77137,14667
Croatia,Cheetah,5559,14668
Oregon,Wombat,46067,14669
Maine,Beaver,27335,14670
Madagasca,Jackal,38561,14671
Slovenia,Peafowl,32437,14672
Illinois,Triaenodo,24875,14673
Namibia,Pinniped,66543,14674
EQUATORIA,Carcharhi,6168,14675
Sweden,Apristuru,83350,14676
Maryland,Triaenodo,78094,14677
Tennessee,Isogompho,94378,14678
Romania,Wombat,85010,14679
Greece,American_,75642,14680
South_Car,Prionace,78280,14681
Malawi,Rhinocero,52717,14682
Maine,Cheetah,96215,14683
Colombia,Giraffe,10146,14684
TRINIDAD_,Coccinell,64764,14685
Netherlan,Pelican,44632,14686
Colombia,Magpie,37481,14687
Ecuador,Bison,58023,14688
Denmark,Quail,69506,14689
Oregon,Swallow,18917,14690
Massachus,Badger,79825,14691
Alaska,Cobra,10671,14692
Dominica,Pristioph,10065,14693
TRINIDAD_,Sawshark,51087,14694
Morocco,Mouse,22512,14695
Alaska,Lamniform,39333,14696
Mississip,Polecat,24791,14697
Morocco,Cobra,62381,14698
New_Jerse,Otter,42074,14699
South_Car,Baboon,82602,14700
Minnesota,Mule,99164,14701
TRINIDAD_,Gorilla,40458,14702
Monaco,Prionace,24028,14703
Georgia,Skunk,58056,14704
DOMINICAN,Pony,46162,14705
Missouri,Hornet,34190,14706
Wyoming,Lion,6939,14707
Florida,Crow,15047,14708
CZECH_REP,Wren,74100,14709
Kiribati,Mule,43241,14710
New_Mexic,Rhizoprio,13443,14711
Tanzania,Pygmy_Sha,19190,14712
EQUATORIA,Black_pan,74152,14713
Latvia,Raven,60812,14714
New_Mexic,Mule,17880,14715
Louisiana,Cobra,1094,14716
Tanzania,Carcharhi,54137,14717
Michigan,Apristuru,83416,14718
Ukraine,Anatidae,90481,14719
Cyprus,Wren,13955,14720
Californi,Echinorhi,93091,14721
Colombia,Coyote,6939,14722
EL_SALVAD,Louse,19445,14723
Alaska,Polecat,86392,14724
Luxembour,Mouse,15806,14725
Denmark,Mallard,32344,14726
Luxembour,Triaenodo,1927,14727
Maine,Raven,86024,14728
Japan,Goldfinch,25788,14729
Massachus,Lamniform,94212,14730
COSTA_RIC,Donkey,20635,14731
Namibia,Anatidae,15074,14732
Oregon,Whale_Sha,484,14733
Barbados,Rhinocero,46541,14734
Florida,Gorilla,65023,14735
Georgia,Jaguar,23160,14736
Zimbabwe,Rhizoprio,99549,14737
Slovenia,Mallard,34198,14738
South_Car,Snipe,56163,14739
New_Mexic,Lamna,47923,14740
Thailand,Isogompho,19914,14741
Croatia,Quail,24996,14742
Serbia,Echinorhi,43788,14743
Latvia,Alligator,26667,14744
CZECH_REP,Scoliodon,10370,14745
Finland,Chamois,53301,14746
Uruguay,Hemiscyll,93854,14747
Missouri,Heron,69303,14748
Tonga,Fox,49731,14749
Californi,Mouse,99622,14750
Latvia,Poroderma,20394,14751
Missouri,Whale_Sha,85588,14752
Colombia,Triaenodo,6343,14753
Cyprus,Hornet,38582,14754
Croatia,Polecat,39476,14755
Louisiana,Coyote,71443,14756
Turkey,Beaver,60590,14757
Arizona,Swan,38771,14758
Uganda,Sawshark,70186,14759
Mississip,Gerbil,19744,14760
Rhode_Isl,Raven,40278,14761
Wisconsin,Fish,25604,14762
Hawaii,Sheep,80276,14763
Mississip,Rhinocero,22454,14764
Sudan,Squalifor,54728,14765
Malaysia,Jaguar,52962,14766
Hawaii,Sheep,94506,14767
France,Cormorant,28511,14768
TRINIDAD_,Chamois,92339,14769
Latvia,Peafowl,70111,14770
South_Car,Hemiscyll,17947,14771
Tunisia,Flamingo,24723,14772
Netherlan,Ostrich,34376,14773
Arizona,Prionace_,54920,14774
South_Car,Snipe,95235,14775
Zimbabwe,Hawk,2632,14776
Californi,Peafowl,33900,14777
Georgia,Rhinocero,85877,14778
Massachus,Anatidae,15610,14779
Uruguay,Triaenodo,54805,14780
Florida,Poroderma,36165,14781
Switzerla,Hemiscyll,41966,14782
Netherlan,Fish,27067,14783
France,Negaprion,48756,14784
Washingto,Donkey,96788,14785
Minnesota,Apristuru,28286,14786
Alaska,Louse,9720,14787
Taiwan,Fish,82301,14788
Ireland,Partridge,45339,14789
WESTERN_S,Pristioph,2815,14790
Slovenia,Partridge,36536,14791
Samoa,Skunk,92478,14792
Croatia,Skunk,8610,14793
Kiribati,Negaprion,27739,14794
Vatican_C,Coyote,84072,14795
Serbia,Cirrhoscy,93422,14796
Mississip,Rhizoprio,27872,14797
Cyprus,American_,76164,14798
Zambia,Cirrhoscy,56399,14799
Sweden,Pinniped,90077,14800
New_Mexic,Chamois,69523,14801
Malta,Partridge,64485,14802
Tuvalu,Cirrhoscy,700,14803
Ethiopia,Jackal,67,14804
Kiribati,Poroderma,85813,14805
New_Jerse,Cobra,38036,14806
Maine,Raven,31401,14807
Samoa,Parmaturu,86377,14808
Samoa,Goldfinch,53530,14809
Kiribati,Lamna,39157,14810
Georgia,Anatidae,46138,14811
Uruguay,Whale_Sha,76854,14812
Namibia,Poroderma,38927,14813
Californi,Wombat,50015,14814
Slovakia,Parmaturu,13275,14815
Jordan,Anatidae,42954,14816
Dominica,Ram,74146,14817
North_Car,Donkey,86072,14818
Tuvalu,Cormorant,44885,14819
Croatia,Zebra,69755,14820
NEW_ZEALA,Otter,31656,14821
Latvia,Fish,46688,14822
Uganda,Jackal,54986,14823
Tennessee,Gazelle,72108,14824
Netherlan,Fish,60438,14825
DOMINICAN,Apristuru,88997,14826
Maine,Triakis,29898,14827
Ghana,Raven,39502,14828
Alaska,Black_pan,23531,14829
Massachus,Fox,81236,14830
New_Mexic,Magpie,32880,14831
Barbados,Gerbil,4246,14832
Singapore,Wombat,48454,14833
Dominica,Human,66683,14834
WESTERN_S,Mouse,81864,14835
Ghana,Hemiscyll,30933,14836
Virginia,Wombat,35737,14837
Alabama,Crow,57741,14838
Dominica,Heron,21530,14839
Rhode_Isl,Chamois,56828,14840
Thailand,Pinniped,31962,14841
Minnesota,Isogompho,48587,14842
Namibia,Coyote,40203,14843
Cyprus,Donkey,10957,14844
Jordan,Ram,48120,14845
Barbados,Orectolob,46893,14846
Zambia,Flamingo,71429,14847
Latvia,Giraffe,19701,14848
Madagasca,Fox,3133,14849
Luxembour,Bison,45669,14850
NEW_ZEALA,Peafowl,3541,14851
Grenada,Manatee,73139,14852
Spain,Hawk,77795,14853
Netherlan,Gorilla,74478,14854
Italy,Human,64236,14855
Florida,Scoliodon,69561,14856
EL_SALVAD,Chamois,45340,14857
Zimbabwe,Goldfinch,62330,14858
DOMINICAN,Zebra,7711,14859
Lithuania,Donkey,65861,14860
New_Jerse,Giraffe,31856,14861
Singapore,Camel,42635,14862
Pennsylva,Prionace_,7358,14863
CZECH_REP,Hawk,57692,14864
Minnesota,Cormorant,53726,14865
Turkey,Echinorhi,82906,14866
Taiwan,Whale_Sha,52203,14867
Hawaii,Ram,50013,14868
TRINIDAD_,Badger,66753,14869
Ireland,Alligator,19756,14870
Maine,Gazelle,96944,14871
Maryland,Echinorhi,5534,14872
Mississip,Guanaco,45669,14873
Slovenia,Pelican,3424,14874
Denmark,Whale_Sha,38196,14875
New_Mexic,Pristioph,29189,14876
Greece,Goldfinch,65432,14877
Kiribati,Black_pan,76217,14878
Georgia,Isurus,41663,14879
Greece,Guanaco,88346,14880
Netherlan,Prionace_,93229,14881
North_Car,Prionace,12069,14882
Alabama,Guanaco,15829,14883
Samoa,American_,25086,14884
Missouri,Pygmy_Sha,78664,14885
Netherlan,Pelican,87516,14886
Maryland,Parmaturu,38497,14887
Michigan,Beaver,50902,14888
Ghana,Wombat,45719,14889
Switzerla,Lamniform,69881,14890
Rhode_Isl,Baboon,68077,14891
Rhode_Isl,Hemiscyll,92382,14892
EQUATORIA,Scoliodon,51823,14893
Washingto,Sphyrna_l,36846,14894
Slovakia,Flamingo,21909,14895
Sudan,Gorilla,39463,14896
Nebraska,Wombat,12243,14897
Uruguay,Columbida,329,14898
Morocco,Goldfinch,57550,14899
Illinois,Manatee,11122,14900
Nepal,Guanaco,39759,14901
Lithuania,Ostrich,11340,14902
Alaska,Sheep,14466,14903
Singapore,Guanaco,35803,14904
Zimbabwe,Isurus,55695,14905
Jordan,American_,49848,14906
Taiwan,Fox,35601,14907
Minnesota,Carcharhi,22900,14908
Nepal,Dogfish,34560,14909
Vatican_C,Cirrhoscy,19100,14910
Tuvalu,Bullhead_,82066,14911
Monaco,Jaguar,46316,14912
EL_SALVAD,Magpie,9702,14913
Illinois,Fish,56148,14914
Ukraine,Donkey,33112,14915
Tennessee,Flamingo,64605,14916
Wyoming,Donkey,31474,14917
COSTA_RIC,Lamna,90517,14918
Spain,Heron,51626,14919
Namibia,Snipe,66585,14920
New_Mexic,Giant_Pan,24065,14921
Finland,Negaprion,30872,14922
Taiwan,Rhinocero,82827,14923
Madagasca,Prionace_,66761,14924
CZECH_REP,Carcharhi,91726,14925
Missouri,Dolphin,6751,14926
Greece,Human,76523,14927
Arizona,Moose,39018,14928
Malawi,Guanaco,97226,14929
Louisiana,Gorilla,2876,14930
Switzerla,Coccinell,39521,14931
Slovakia,Jaguar,20249,14932
Finland,Otter,6041,14933
Slovakia,Parmaturu,17966,14934
Guatemala,Rhinocero,60606,14935
Denmark,Baboon,2849,14936
Georgia,Human,1108,14937
New_Jerse,Human,40680,14938
Nepal,Hyena,74733,14939
Australia,Sawshark,70278,14940
Maine,Rhinocero,96953,14941
Pennsylva,Peafowl,10967,14942
Arizona,Black_pan,56310,14943
Minnesota,Hyena,61284,14944
Louisiana,Raven,55529,14945
Arizona,Coyote,13747,14946
Nebraska,Polecat,85908,14947
Tonga,Echinorhi,89353,14948
Namibia,Hornet,26809,14949
Uganda,Sheep,64055,14950
Grenada,Skunk,98,14951
Tuvalu,Swallow,52452,14952
Hawaii,Hyena,3821,14953
Lithuania,Lion,87790,14954
Ecuador,Jaguar,73485,14955
Italy,Fish,89075,14956
Barbados,Wombat,122,14957
Singapore,Hyena,95241,14958
Taiwan,Donkey,51196,14959
Croatia,American_,24377,14960
Ecuador,Mallard,23573,14961
Barbados,Gerbil,53445,14962
South_Car,Hemitriak,42053,14963
Ecuador,Parascyll,10068,14964
Oregon,Louse,15042,14965
Tennessee,Chamois,80011,14966
Greece,Goldfinch,30492,14967
New_Mexic,Cirrhoscy,4114,14968
Jordan,Skunk,80243,14969
Tuvalu,Pony,46354,14970
Uruguay,Badger,42119,14971
Singapore,Peafowl,51012,14972
Saudi_Ara,Hyena,87109,14973
Morocco,Anatidae,42168,14974
Taiwan,Chiloscyl,81822,14975
Uzbekista,Otter,50958,14976
COSTA_RIC,Hawk,19944,14977
South_Car,Partridge,68645,14978
South_Car,Partridge,12260,14979
Saudi_Ara,Bison,44555,14980
Samoa,Ostrich,52654,14981
Serbia,Hemitriak,46737,14982
Hawaii,Raven,86133,14983
Alaska,Human,11707,14984
Barbados,Ram,78346,14985
Taiwan,Beaver,44120,14986
Namibia,Louse,93997,14987
Florida,Whale_Sha,57381,14988
Monaco,Beaver,60505,14989
Finland,Black_pan,4463,14990
Luxembour,Triaenodo,98321,14991
Ireland,Goose,9953,14992
Serbia,Manatee,99998,14993
EQUATORIA,Hemitriak,74079,14994
MARSHALL_,Mallard,98519,14995
DOMINICAN,Hemiscyll,24976,14996
Spain,Hemitriak,86204,14997
Canada,Anatidae,16099,14998
Maryland,Triakis,29817,14999
Massachus,Camel,6467,15000
Ecuador,Negaprion,32631,15001
Slovakia,Anatidae,30707,15002
Malaysia,Peafowl,72638,15003
Mozambiqu,Squalifor,66646,15004
Romania,Gerbil,93200,15005
Canada,Ram,74423,15006
Turkey,Coyote,60760,15007
Uzbekista,Magpie,68056,15008
Washingto,Human,96706,15009
Denmark,Sheep,46575,15010
Lithuania,Coyote,83967,15011
Nigeria,Isurus,5959,15012
Morocco,Triaenodo,198,15013
Arizona,Isurus,13027,15014
Singapore,Gazelle,8345,15015
Croatia,Whale_Sha,67649,15016
Madagasca,Pony,36667,15017
CZECH_REP,Coccinell,83633,15018
Dominica,Nightinga,52035,15019
EQUATORIA,Coyote,73747,15020
Washingto,Bullhead_,33013,15021
Colombia,Fish,16771,15022
Greece,Otter,28774,15023
Arizona,Coyote,15355,15024
Romania,Pristioph,20955,15025
EQUATORIA,Chiloscyl,91590,15026
Romania,Wren,25903,15027
Switzerla,Hemitriak,95820,15028
Dominica,Cormorant,58221,15029
Uzbekista,Hornet,11825,15030
Nebraska,Pinniped,23454,15031
Ecuador,Peafowl,51742,15032
TRINIDAD_,Parmaturu,21047,15033
DOMINICAN,Poroderma,53962,15034
Pennsylva,Apristuru,48096,15035
Tanzania,Lion,96179,15036
Morocco,Apristuru,53561,15037
Missouri,Carcharhi,82950,15038
Zambia,Gerbil,14396,15039
Alabama,Polecat,72029,15040
Greece,American_,50419,15041
Rhode_Isl,Guanaco,2734,15042
Ethiopia,Swallow,55824,15043
Virginia,Jackal,24415,15044
Tanzania,Cirrhoscy,92871,15045
Saudi_Ara,Sawshark,45712,15046
Jordan,Prionace_,10605,15047
Turkey,Gazelle,6700,15048
Malta,Ostrich,91431,15049
South_Car,Swallow,62173,15050
Monaco,Mule,8246,15051
Japan,Giant_Pan,78644,15052
Sudan,Manatee,72111,15053
Finland,Ostrich,19881,15054
Switzerla,Whale_Sha,49812,15055
Jordan,Lamna,37428,15056
Mozambiqu,Hamster,46835,15057
Monaco,Mouse,48276,15058
Greece,Anatidae,85391,15059
Colombia,Poroderma,93966,15060
Pennsylva,Poroderma,64345,15061
Netherlan,Pinniped,3244,15062
Ireland,Lamna,53347,15063
Namibia,Chamois,18737,15064
Malaysia,Negaprion,83491,15065
Madagasca,Triakis,23127,15066
Nebraska,Gerbil,97897,15067
Georgia,Peafowl,56247,15068
Vatican_C,Otter,72602,15069
Wyoming,Louse,75806,15070
Tonga,Cobra,7900,15071
Tennessee,Nightinga,72406,15072
Slovakia,Bullhead_,76241,15073
Arizona,Sawshark,67245,15074
Zambia,Pinniped,29824,15075
Zimbabwe,Mouse,19078,15076
Illinois,Peafowl,35022,15077
Nepal,Isogompho,3336,15078
Madagasca,Triakis,47734,15079
MARSHALL_,Louse,2387,15080
Colombia,Beaver,76216,15081
Louisiana,Cirrhoscy,87580,15082
Morocco,Isogompho,68269,15083
Alaska,Partridge,14943,15084
Californi,Raven,11965,15085
Turkey,Partridge,37612,15086
Switzerla,Cormorant,9243,15087
Uganda,Triaenodo,63023,15088
Ecuador,Skunk,74631,15089
Rhode_Isl,Quail,58244,15090
Michigan,Guanaco,87222,15091
Ethiopia,Hyena,89536,15092
TRINIDAD_,Goldfinch,81916,15093
Illinois,Echinorhi,35515,15094
Thailand,Hornet,74639,15095
Washingto,Hawk,93597,15096
Massachus,Louse,80690,15097
Greece,Guanaco,77285,15098
Denmark,Poroderma,44725,15099
Missouri,Mouse,28591,15100
TRINIDAD_,Hyena,13250,15101
Nigeria,Human,16905,15102
Ethiopia,Louse,11297,15103
Jordan,Rhinocero,66918,15104
Netherlan,Cormorant,2195,15105
Taiwan,Badger,32317,15106
Maryland,Manatee,78324,15107
Uzbekista,Prionace_,24734,15108
Tanzania,Moose,28029,15109
Spain,Mule,53064,15110
Malawi,Carcharhi,7559,15111
Jordan,Hornet,23224,15112
Oregon,Sawshark,34328,15113
Ethiopia,Mallard,79588,15114
Luxembour,Human,37794,15115
Rhode_Isl,Louse,86515,15116
Monaco,Gerbil,10216,15117
Dominica,Reindeer,99924,15118
Monaco,Fish,83181,15119
Luxembour,Gazelle,27211,15120
Nigeria,Prionace_,65824,15121
Tennessee,Goose,26361,15122
Nigeria,Angel_sha,5615,15123
Luxembour,Cirrhoscy,83757,15124
Pennsylva,Beaver,17536,15125
New_Jerse,Lamna,52614,15126
Romania,Mallard,97675,15127
Serbia,Echinorhi,87418,15128
Rhode_Isl,Sheep,21215,15129
Arizona,Black_pan,10616,15130
Japan,Nightinga,2312,15131
Ireland,Angel_sha,67500,15132
Kiribati,Isogompho,91063,15133
Ghana,Coyote,60289,15134
DOMINICAN,Bullhead_,86684,15135
Madagasca,Gorilla,40393,15136
Samoa,Gazelle,11660,15137
Singapore,Dolphin,5078,15138
Barbados,Wren,45428,15139
NEW_ZEALA,Giraffe,27119,15140
Latvia,Cormorant,44273,15141
Hawaii,Flamingo,36436,15142
Tonga,Prionace_,31015,15143
Wisconsin,Fox,89495,15144
Serbia,Peafowl,24218,15145
Turkey,Isogompho,2613,15146
Illinois,Parascyll,49374,15147
WESTERN_S,Zebra,55058,15148
Mozambiqu,Ostrich,18019,15149
Uruguay,Rhinocero,22804,15150
Hawaii,Pinniped,13464,15151
Croatia,Nightinga,97318,15152
Tunisia,Swallow,48379,15153
Croatia,Polecat,72490,15154
Colombia,Wren,64988,15155
South_Car,Rhinocero,69147,15156
Singapore,American_,22768,15157
Slovenia,Cobra,8447,15158
Taiwan,Hamster,52047,15159
Tunisia,Coyote,5580,15160
Oregon,Swallow,782,15161
Slovakia,Moose,64185,15162
Zimbabwe,Angel_sha,17019,15163
Taiwan,Echinorhi,78892,15164
Canada,Jaguar,65028,15165
Missouri,Mouse,54180,15166
Missouri,Pelican,92147,15167
Japan,Sawshark,7544,15168
Ukraine,Dolphin,21496,15169
South_Car,Scoliodon,9108,15170
Mississip,Manatee,13671,15171
Virginia,Zebra,77949,15172
Madagasca,Gorilla,51005,15173
Rhode_Isl,Jackal,85433,15174
Pennsylva,Lamniform,32150,15175
Morocco,Sheep,90207,15176
Ghana,Carcharhi,68336,15177
EL_SALVAD,Gazelle,78922,15178
Guatemala,Lamniform,81742,15179
Switzerla,Carcharhi,96953,15180
Ireland,Angel_sha,55363,15181
New_Jerse,Badger,89497,15182
Colombia,Isogompho,45756,15183
Arizona,Isogompho,98572,15184
Virginia,Hornet,73781,15185
Morocco,Mallard,90314,15186
Finland,Otter,98955,15187
Georgia,Carcharhi,92854,15188
Japan,Alligator,27598,15189
Ukraine,Bullhead_,97988,15190
Luxembour,Anatidae,35037,15191
Guatemala,Cormorant,6911,15192
Grenada,Parascyll,88412,15193
Tanzania,Guanaco,47967,15194
Slovenia,Zebra,69009,15195
DOMINICAN,Mallard,40003,15196
Washingto,Otter,67416,15197
Sweden,Lamniform,69418,15198
Namibia,Bullhead_,16871,15199
Ukraine,Cirrhoscy,11222,15200
Nigeria,Isogompho,58920,15201
Mozambiqu,Triakis,54287,15202
Ireland,Pony,31945,15203
Barbados,Echinorhi,7096,15204
Zimbabwe,Pristioph,12984,15205
Denmark,Moose,69988,15206
Slovakia,Chamois,77624,15207
Hawaii,Alligator,23245,15208
Ireland,Baboon,35718,15209
Taiwan,Pelican,96051,15210
CZECH_REP,Nightinga,40578,15211
Saudi_Ara,Fox,46986,15212
Ecuador,Pelican,49393,15213
Lithuania,Cirrhoscy,11688,15214
Uruguay,Prionace_,56469,15215
Slovenia,Raven,7150,15216
Maryland,Heron,74644,15217
Virginia,Polecat,43128,15218
Tuvalu,Sphyrna_l,25061,15219
Kiribati,Swallow,88640,15220
Greece,Snipe,76754,15221
South_Car,American_,63606,15222
Oregon,Pristioph,88919,15223
Samoa,Swan,54452,15224
Wyoming,Jackal,643,15225
Latvia,Nightinga,30630,15226
Colombia,Crow,91317,15227
Tanzania,Gorilla,29850,15228
Slovenia,Fox,80213,15229
Tonga,Giant_Pan,83850,15230
Finland,Zebra,33168,15231
Alabama,Raven,77895,15232
Australia,Ram,67045,15233
Washingto,Triakis,33964,15234
COSTA_RIC,Jackal,4942,15235
Pennsylva,Chamois,75174,15236
Malta,Gazelle,30952,15237
Lithuania,Partridge,3933,15238
Australia,Alligator,39636,15239
CZECH_REP,American_,98327,15240
Alaska,Anatidae,11074,15241
Japan,Donkey,92830,15242
Turkey,Donkey,53849,15243
Namibia,Apristuru,72608,15244
Florida,Peafowl,61276,15245
Nigeria,Columbida,96692,15246
Lithuania,Fox,45855,15247
Malaysia,Carcharhi,44828,15248
Florida,Hemiscyll,41204,15249
Ghana,Dolphin,93308,15250
MARSHALL_,Dogfish,42795,15251
Ecuador,Skunk,23842,15252
Florida,Moose,38737,15253
Minnesota,Giant_Pan,95962,15254
Michigan,Gerbil,69192,15255
Jordan,Goldfinch,84628,15256
Zambia,Manatee,318,15257
Ukraine,Hemitriak,33955,15258
CZECH_REP,Heron,67434,15259
Vatican_C,Columbida,64201,15260
Netherlan,Pygmy_Sha,75096,15261
Finland,Gazelle,59243,15262
Greece,Gorilla,11139,15263
Ireland,Mule,66531,15264
Australia,Wombat,57758,15265
COSTA_RIC,Apristuru,30882,15266
Latvia,Partridge,42711,15267
Cyprus,Goldfinch,21125,15268
New_Jerse,Crow,76868,15269
Tonga,Cobra,99444,15270
Serbia,Fish,90313,15271
Barbados,Coccinell,51688,15272
Luxembour,Chamois,13311,15273
Denmark,Rhinocero,31550,15274
Malawi,Angel_sha,17214,15275
Texas,Pelican,45416,15276
Michigan,Cobra,11517,15277
Mississip,Prionace,99524,15278
Japan,Orectolob,81469,15279
Ireland,Camel,93026,15280
Rhode_Isl,Quail,40960,15281
Saudi_Ara,Wren,5916,15282
Ghana,Poroderma,43600,15283
Georgia,Gazelle,16068,15284
Nebraska,Rhizoprio,85872,15285
Oregon,Mule,40260,15286
France,Scoliodon,70372,15287
Pennsylva,Baboon,40937,15288
Ireland,Pelican,61848,15289
Australia,Peafowl,89677,15290
Latvia,Donkey,39847,15291
New_Mexic,Black_pan,63349,15292
Tunisia,Gazelle,91215,15293
Tanzania,Mouse,70063,15294
Illinois,Hawk,24154,15295
Texas,Cobra,7560,15296
TRINIDAD_,Fox,1682,15297
Florida,Jackal,40050,15298
Greece,Crow,29208,15299
Singapore,Triakis,5537,15300
Washingto,Alligator,8404,15301
EQUATORIA,Hamster,42057,15302
Michigan,Hawk,99992,15303
Missouri,Fox,6395,15304
Malta,Coyote,86281,15305
Pennsylva,Swallow,97176,15306
Vatican_C,Skunk,36918,15307
Virginia,Beaver,39050,15308
EL_SALVAD,Lamniform,95156,15309
Mozambiqu,Sphyrna_l,76899,15310
Ethiopia,Black_pan,46451,15311
Tennessee,Squalifor,94780,15312
Sweden,Hawk,2969,15313
Nepal,Hemitriak,78379,15314
Michigan,Pelican,90144,15315
Georgia,Giraffe,25226,15316
Italy,Pygmy_Sha,92032,15317
CZECH_REP,Triakis,5191,15318
Kiribati,Alligator,68195,15319
Ireland,Poroderma,49381,15320
France,Hamster,32406,15321
Barbados,Pristioph,83299,15322
Monaco,Rhinocero,22278,15323
TRINIDAD_,Hornet,25636,15324
Michigan,Chamois,11106,15325
Washingto,Lamna,83525,15326
Californi,Heron,28946,15327
DOMINICAN,Crow,35625,15328
Mississip,Donkey,46519,15329
Romania,Chiloscyl,66301,15330
Namibia,American_,69209,15331
Slovakia,Giant_Pan,86574,15332
Mississip,Echinorhi,43724,15333
Switzerla,Otter,99356,15334
Guatemala,Fish,10254,15335
Cyprus,Mallard,94932,15336
Maryland,Pinniped,63048,15337
Barbados,Black_pan,59348,15338
Greece,Giraffe,90131,15339
Massachus,Swan,76613,15340
Tuvalu,Rhizoprio,62654,15341
Namibia,Cirrhoscy,92978,15342
TRINIDAD_,Lamna,92234,15343
Uganda,Angel_sha,30677,15344
Vatican_C,Lion,49846,15345
Switzerla,Polecat,92597,15346
EQUATORIA,Human,41461,15347
Barbados,Donkey,37672,15348
CZECH_REP,Skunk,83107,15349
Washingto,Wombat,50072,15350
Greece,Hornet,63318,15351
Malawi,Coccinell,68730,15352
Cyprus,Badger,62129,15353
Ethiopia,Poroderma,42854,15354
Barbados,Apristuru,95648,15355
Georgia,Hemitriak,28934,15356
Tunisia,Whale_Sha,78039,15357
Greece,Sawshark,83664,15358
Latvia,Cormorant,5095,15359
Pennsylva,Carcharhi,56775,15360
Saudi_Ara,Prionace_,97543,15361
Slovakia,Pygmy_Sha,57304,15362
Tuvalu,Lamniform,34591,15363
Spain,Partridge,69206,15364
Vatican_C,Coccinell,19642,15365
Japan,Swallow,72872,15366
Madagasca,Gorilla,95068,15367
Tunisia,Pygmy_Sha,73368,15368
Thailand,Orectolob,37214,15369
Florida,Carcharhi,88102,15370
North_Car,Echinorhi,37868,15371
Illinois,Beaver,18090,15372
Wyoming,Badger,61944,15373
Wisconsin,Skunk,98036,15374
Illinois,American_,70537,15375
Thailand,Manatee,92822,15376
Virginia,Carcharhi,31175,15377
Tonga,Badger,83661,15378
Colombia,Swan,11764,15379
Spain,Black_pan,37763,15380
CZECH_REP,Mouse,50121,15381
Californi,Goose,8439,15382
Michigan,Sphyrna_l,81363,15383
New_Jerse,Alligator,30313,15384
Japan,Mallard,79183,15385
Uruguay,Skunk,72951,15386
Louisiana,Sheep,15642,15387
Morocco,Hyena,26627,15388
Maine,Wombat,21014,15389
Australia,Prionace,12236,15390
Slovenia,Beaver,32845,15391
Minnesota,Sheep,51716,15392
Lithuania,Fish,38110,15393
Ireland,Baboon,95274,15394
Zambia,Triaenodo,53099,15395
WESTERN_S,Echinorhi,38008,15396
CZECH_REP,Triakis,3022,15397
France,Bison,82999,15398
Nigeria,Hyena,70446,15399
Japan,Hawk,21524,15400
Jordan,Goose,84019,15401
Sweden,Chiloscyl,39740,15402
Madagasca,Gorilla,93893,15403
Tennessee,Jackal,21143,15404
Oregon,Isurus,37475,15405
Zimbabwe,Chiloscyl,83174,15406
WESTERN_S,Coyote,27047,15407
Tanzania,Goose,20159,15408
Guatemala,Guanaco,21984,15409
Colombia,Gerbil,77675,15410
Oregon,Black_pan,61745,15411
Turkey,Camel,27215,15412
Italy,Triaenodo,21181,15413
Oregon,Coccinell,26805,15414
Barbados,Anatidae,9827,15415
Luxembour,Prionace_,56008,15416
Jordan,Cobra,6100,15417
Ecuador,Angel_sha,83381,15418
Vatican_C,Partridge,40637,15419
Singapore,Badger,27708,15420
Uzbekista,Gerbil,8182,15421
Nauru,Isogompho,86040,15422
Morocco,Crow,32080,15423
NEW_ZEALA,Parmaturu,82900,15424
Arizona,Badger,86451,15425
Croatia,Mallard,37576,15426
NEW_ZEALA,Fox,38324,15427
Ghana,Partridge,33937,15428
Rhode_Isl,Hemiscyll,30934,15429
Louisiana,Partridge,28723,15430
Nauru,Manatee,55693,15431
Samoa,Hemiscyll,62937,15432
Zimbabwe,Cirrhoscy,27097,15433
Wyoming,Isogompho,34383,15434
Arizona,Lion,90485,15435
Madagasca,Mallard,75385,15436
Greece,Rhinocero,18478,15437
Mozambiqu,American_,20565,15438
Slovenia,Cirrhoscy,85941,15439
Uruguay,Alligator,74583,15440
Tonga,Hemitriak,36312,15441
COSTA_RIC,Beaver,26294,15442
Ghana,Pony,85730,15443
Ethiopia,Isurus,66021,15444
Thailand,Jackal,46408,15445
Namibia,Pelican,83316,15446
Ukraine,Carcharhi,40403,15447
Pennsylva,Peafowl,68308,15448
EL_SALVAD,Nightinga,73148,15449
Nauru,Mouse,25139,15450
Dominica,Mule,18279,15451
Latvia,Swan,73228,15452
Tonga,Bison,31028,15453
Tanzania,Coccinell,36633,15454
Guatemala,Hamster,84658,15455
Kiribati,Pygmy_Sha,18359,15456
Michigan,Isogompho,10021,15457
Samoa,Flamingo,17708,15458
Taiwan,Black_pan,15435,15459
Italy,Lamna,50999,15460
Canada,Anatidae,37004,15461
New_Mexic,Crow,61949,15462
Maine,Parmaturu,74797,15463
Lithuania,Rhizoprio,4319,15464
Australia,Guanaco,13197,15465
Malaysia,Giant_Pan,6722,15466
Wyoming,Parascyll,50626,15467
NEW_ZEALA,Coyote,73890,15468
Uruguay,Sawshark,44090,15469
Denmark,Echinorhi,12550,15470
Ecuador,Jackal,64802,15471
Pennsylva,Hemitriak,26834,15472
Sudan,Sheep,39334,15473
Nebraska,Reindeer,95333,15474
Nepal,Hemiscyll,18349,15475
Zimbabwe,Gerbil,48175,15476
Guatemala,Fox,44344,15477
Malta,Carcharhi,78428,15478
Oregon,Flamingo,27514,15479
Wyoming,Ostrich,42627,15480
Louisiana,Dogfish,74092,15481
Turkey,Rhinocero,10603,15482
Californi,Beaver,58525,15483
Vatican_C,Pristioph,27712,15484
Mozambiqu,Chamois,60621,15485
Denmark,Flamingo,40143,15486
Saudi_Ara,Raven,95107,15487
Greece,Gazelle,8412,15488
Wisconsin,Quail,13346,15489
Serbia,Lion,69585,15490
Rhode_Isl,Pony,31307,15491
Nepal,Giraffe,22358,15492
Guatemala,Heron,56286,15493
Uzbekista,Pristioph,95088,15494
Barbados,Louse,54774,15495
Vatican_C,Cormorant,71092,15496
Luxembour,Coccinell,24552,15497
Saudi_Ara,Poroderma,14504,15498
Kiribati,Alligator,24166,15499
EQUATORIA,Louse,97908,15500
MARSHALL_,Beaver,96902,15501
Massachus,Reindeer,59056,15502
COSTA_RIC,Zebra,71829,15503
Alabama,Columbida,70974,15504
Canada,Parmaturu,29281,15505
Rhode_Isl,Quail,66996,15506
Serbia,Carcharhi,90286,15507
Kiribati,Reindeer,65840,15508
Georgia,Orectolob,87767,15509
EQUATORIA,Fox,73384,15510
Zambia,Wren,70481,15511
Canada,American_,23305,15512
South_Car,Partridge,63423,15513
Romania,Mouse,17125,15514
France,Beaver,57802,15515
Luxembour,American_,70364,15516
Croatia,Alligator,29254,15517
Morocco,Gorilla,89362,15518
Malaysia,Pinniped,80261,15519
Tennessee,Rhizoprio,81521,15520
Jordan,Cormorant,82436,15521
Tonga,Mouse,72332,15522
WESTERN_S,Dolphin,92018,15523
Tanzania,Rhinocero,7381,15524
Grenada,Fish,91906,15525
Illinois,Pinniped,1733,15526
Uruguay,Pristioph,11940,15527
Netherlan,Ram,16513,15528
New_Mexic,Alligator,37148,15529
Ecuador,Lion,31873,15530
Samoa,Giant_Pan,46422,15531
Monaco,Nightinga,1579,15532
Mozambiqu,Lion,59869,15533
COSTA_RIC,Magpie,2686,15534
Nauru,Pelican,85127,15535
Slovakia,Pygmy_Sha,53343,15536
Uzbekista,Sphyrna_l,92113,15537
Guatemala,Snipe,24428,15538
Tanzania,Ostrich,15136,15539
Finland,Coccinell,12969,15540
Ireland,Hemitriak,48581,15541
Canada,Isogompho,25441,15542
NEW_ZEALA,Wombat,58867,15543
EL_SALVAD,Nightinga,82512,15544
MARSHALL_,Mouse,46560,15545
Alabama,Mouse,75732,15546
CZECH_REP,Prionace_,25990,15547
Uruguay,Jaguar,94844,15548
Nepal,Swallow,91110,15549
Ecuador,Swan,63685,15550
Nepal,Nightinga,54059,15551
Slovenia,Camel,56311,15552
Rhode_Isl,Gazelle,24340,15553
Turkey,Snipe,68109,15554
Nepal,Hawk,96079,15555
Tunisia,Baboon,60311,15556
Tennessee,Goldfinch,37847,15557
Colombia,Orectolob,24756,15558
Madagasca,Reindeer,92800,15559
Pennsylva,Wombat,39590,15560
Finland,Isurus,28549,15561
Japan,Gorilla,59557,15562
Tonga,Dogfish,82020,15563
Greece,Dogfish,51810,15564
Saudi_Ara,Otter,82682,15565
Lithuania,Pygmy_Sha,59468,15566
Texas,Zebra,43695,15567
Canada,Giraffe,1426,15568
Minnesota,Gazelle,74897,15569
Guatemala,Badger,28862,15570
Samoa,Echinorhi,99247,15571
Ethiopia,Black_pan,84221,15572
Ethiopia,Negaprion,21610,15573
Colombia,Fox,16632,15574
Italy,Wombat,69085,15575
Spain,Triaenodo,82143,15576
Tonga,Alligator,2904,15577
Wyoming,Angel_sha,1241,15578
Italy,Goose,8616,15579
Uzbekista,Bullhead_,11821,15580
Alabama,Moose,86452,15581
Uganda,Chamois,26722,15582
Latvia,Negaprion,2689,15583
Hawaii,Triaenodo,17618,15584
Colombia,Swallow,85260,15585
Zimbabwe,Apristuru,29643,15586
Monaco,Mouse,46488,15587
Spain,Partridge,62448,15588
Finland,Echinorhi,71011,15589
Oregon,Hawk,10396,15590
Alaska,Alligator,3857,15591
Arizona,Human,9652,15592
Missouri,Pony,71578,15593
Colombia,Magpie,67721,15594
Australia,Squalifor,23595,15595
Tunisia,Guanaco,59400,15596
Finland,Zebra,70723,15597
Latvia,Mouse,27275,15598
Sudan,Donkey,45146,15599
Cyprus,Prionace,37424,15600
Barbados,Zebra,33540,15601
Minnesota,Sheep,59777,15602
Zambia,Baboon,19499,15603
Denmark,Human,92922,15604
Finland,Coccinell,25080,15605
Minnesota,Wombat,43426,15606
Morocco,Coccinell,44532,15607
Tennessee,Parascyll,50224,15608
Colombia,Mule,75908,15609
Romania,Lion,62896,15610
Taiwan,Whale_Sha,44507,15611
Slovenia,Swan,92417,15612
Thailand,Flamingo,90285,15613
Monaco,Hemiscyll,89340,15614
Oregon,Mouse,94800,15615
Italy,Magpie,54630,15616
Alabama,Pinniped,18946,15617
Japan,Rhizoprio,13438,15618
Hawaii,Zebra,51808,15619
Greece,Badger,11625,15620
Morocco,Jackal,49463,15621
South_Car,Giant_Pan,87699,15622
Vatican_C,Alligator,74271,15623
Nigeria,Ostrich,2304,15624
Nepal,Echinorhi,80658,15625
Samoa,Cormorant,40995,15626
TRINIDAD_,Lion,78653,15627
Washingto,Lamna,54239,15628
Saudi_Ara,Goldfinch,85571,15629
Australia,Anatidae,85407,15630
MARSHALL_,Squalifor,45482,15631
Thailand,Magpie,86940,15632
Japan,Anatidae,19563,15633
Louisiana,Louse,56511,15634
Thailand,Raven,64323,15635
South_Car,Raven,38155,15636
NEW_ZEALA,Lamniform,61905,15637
Greece,Zebra,15027,15638
EL_SALVAD,Giant_Pan,78958,15639
Namibia,Donkey,61283,15640
Colombia,Prionace,47710,15641
Latvia,Heron,83974,15642
Louisiana,Parmaturu,46871,15643
Samoa,Prionace,1351,15644
Ethiopia,Polecat,97886,15645
Ukraine,Giant_Pan,41960,15646
EL_SALVAD,Orectolob,46304,15647
Tanzania,Goose,16347,15648
Netherlan,Fox,80577,15649
Georgia,Pelican,73164,15650
COSTA_RIC,Reindeer,2607,15651
Canada,Peafowl,61378,15652
Georgia,Columbida,92701,15653
Croatia,Pony,81061,15654
Oregon,Heron,92501,15655
Finland,Rhizoprio,72043,15656
Massachus,Donkey,8640,15657
Mozambiqu,Otter,18168,15658
Maine,Nightinga,92466,15659
Mozambiqu,Sawshark,35224,15660
Tuvalu,Donkey,26396,15661
Dominica,Hyena,50233,15662
Oregon,Hemitriak,71659,15663
Croatia,Whale_Sha,70061,15664
Minnesota,Orectolob,47090,15665
Denmark,Scoliodon,91120,15666
Cyprus,Pony,2737,15667
Namibia,Black_pan,3912,15668
Malawi,Baboon,19465,15669
Morocco,Nightinga,80921,15670
Mozambiqu,Poroderma,62941,15671
Nepal,Snipe,45814,15672
Monaco,Baboon,63417,15673
Uzbekista,Swallow,96093,15674
Texas,Dolphin,33329,15675
Louisiana,Orectolob,59570,15676
Kiribati,Raven,93462,15677
Illinois,Dogfish,56571,15678
New_Jerse,Magpie,87825,15679
MARSHALL_,Columbida,58392,15680
Tunisia,Whale_Sha,77639,15681
Guatemala,Gorilla,58455,15682
Arizona,Nightinga,8567,15683
Wisconsin,Dogfish,30939,15684
Ireland,Scoliodon,94913,15685
NEW_ZEALA,Columbida,98288,15686
Taiwan,Bison,57025,15687
Tuvalu,Crow,27668,15688
Thailand,Gorilla,29246,15689
Ghana,Crow,92653,15690
Slovenia,Wren,33691,15691
Denmark,Prionace_,59489,15692
TRINIDAD_,Prionace,44005,15693
Canada,Dolphin,92935,15694
Ghana,Giraffe,59982,15695
Guatemala,Coccinell,17372,15696
Nauru,Mule,41791,15697
Missouri,Camel,36271,15698
Dominica,Mallard,48138,15699
Massachus,Hyena,56703,15700
Latvia,Mallard,36227,15701
Canada,Black_pan,13289,15702
Texas,Black_pan,25756,15703
Arizona,Triaenodo,57935,15704
Maryland,Reindeer,21681,15705
Virginia,Hyena,52677,15706
Kiribati,Crow,56151,15707
Luxembour,Moose,48352,15708
South_Car,Zebra,24167,15709
Vatican_C,Bison,89923,15710
EQUATORIA,Mule,44074,15711
Greece,Hemiscyll,84111,15712
Canada,Snipe,22910,15713
Guatemala,Ram,58053,15714
South_Car,Carcharhi,50773,15715
France,Sawshark,88274,15716
New_Mexic,Echinorhi,78382,15717
Switzerla,Lion,49197,15718
Texas,Manatee,64212,15719
Ireland,Pony,73287,15720
Michigan,Carcharhi,14857,15721
Tonga,Partridge,33990,15722
Virginia,Echinorhi,53119,15723
Uruguay,Otter,42600,15724
Texas,Anatidae,863,15725
Slovenia,Jackal,77220,15726
Madagasca,Giraffe,18083,15727
South_Car,Hamster,45536,15728
Sweden,Negaprion,49682,15729
Cyprus,Lamna,17229,15730
Vatican_C,Flamingo,60500,15731
Singapore,Swallow,98910,15732
Washingto,Guanaco,76725,15733
Malaysia,Louse,37917,15734
Switzerla,Alligator,30919,15735
Arizona,Raven,73793,15736
Texas,Poroderma,69406,15737
Ukraine,Cirrhoscy,97504,15738
Malaysia,Camel,97232,15739
Ukraine,Heron,51803,15740
Zambia,Lamniform,16447,15741
Saudi_Ara,Badger,45534,15742
EQUATORIA,Lamna,86261,15743
Dominica,Hemiscyll,24438,15744
Ghana,Coccinell,95892,15745
COSTA_RIC,Triakis,49396,15746
Romania,Apristuru,76524,15747
WESTERN_S,Triaenodo,5953,15748
Monaco,Heron,1170,15749
Tuvalu,Snipe,18402,15750
Malta,Echinorhi,70214,15751
Washingto,Mule,16472,15752
Finland,Lamniform,81531,15753
Texas,Manatee,43457,15754
Mozambiqu,Wren,59595,15755
Hawaii,Ram,90861,15756
COSTA_RIC,Beaver,21380,15757
Monaco,Donkey,41076,15758
Monaco,Zebra,46614,15759
Madagasca,Guanaco,17214,15760
Denmark,Partridge,90658,15761
France,Raven,503,15762
Uganda,Pinniped,81276,15763
Slovakia,Snipe,92545,15764
Luxembour,Rhinocero,34149,15765
Malta,American_,87555,15766
Canada,Triakis,79010,15767
Monaco,Guanaco,43526,15768
Taiwan,Flamingo,85359,15769
Switzerla,Guanaco,24300,15770
Sudan,Mouse,801,15771
MARSHALL_,Swan,10009,15772
Thailand,Quail,43210,15773
Cyprus,Pelican,65222,15774
MARSHALL_,Crow,64719,15775
Morocco,Pinniped,71003,15776
Tuvalu,Cormorant,61269,15777
Californi,Snipe,27942,15778
Maine,Gorilla,11148,15779
DOMINICAN,Chiloscyl,48522,15780
Taiwan,Manatee,79506,15781
Sudan,Gorilla,16211,15782
Tennessee,Carcharhi,49454,15783
Oregon,American_,25933,15784
Nepal,Pristioph,17545,15785
Zimbabwe,Chamois,79630,15786
Madagasca,Quail,60049,15787
Vatican_C,Hyena,57691,15788
Denmark,Heron,89868,15789
Lithuania,Pristioph,523,15790
EQUATORIA,Flamingo,27849,15791
Slovenia,Chiloscyl,55659,15792
Malta,American_,18743,15793
Madagasca,Crow,50360,15794
Romania,Carcharhi,12901,15795
Nigeria,Sphyrna_l,24080,15796
COSTA_RIC,Rhinocero,9712,15797
Oregon,Hamster,67241,15798
Uruguay,Bullhead_,47430,15799
Japan,Hamster,28901,15800
DOMINICAN,Pelican,19512,15801
North_Car,Goose,12141,15802
Wisconsin,Reindeer,97429,15803
Uganda,Moose,46931,15804
Barbados,Nightinga,16408,15805
Malaysia,Goldfinch,33515,15806
Uganda,Mouse,64005,15807
Illinois,Peafowl,78584,15808
Kiribati,Coyote,15825,15809
Monaco,Echinorhi,65292,15810
Arizona,Human,85735,15811
COSTA_RIC,Alligator,5905,15812
Slovakia,Goose,78267,15813
Ukraine,Isurus,4718,15814
Washingto,Magpie,31611,15815
Spain,Scoliodon,41726,15816
Slovenia,Carcharhi,62878,15817
CZECH_REP,Pinniped,2803,15818
Ecuador,Cheetah,86782,15819
Nigeria,Apristuru,3468,15820
Denmark,Mouse,57158,15821
Denmark,Cormorant,84286,15822
Zambia,Echinorhi,93658,15823
MARSHALL_,Triakis,77656,15824
Ukraine,Giant_Pan,2293,15825
Nigeria,Hamster,45160,15826
Switzerla,Cirrhoscy,5822,15827
Sudan,Beaver,35349,15828
Grenada,Pony,7238,15829
Virginia,Gorilla,8342,15830
South_Car,Hemiscyll,36256,15831
Wyoming,Camel,9383,15832
Lithuania,Hemiscyll,96986,15833
Jordan,Rhizoprio,55877,15834
Arizona,Rhinocero,92,15835
Illinois,Chamois,93238,15836
EQUATORIA,Polecat,26259,15837
Switzerla,Pelican,72775,15838
Taiwan,American_,6225,15839
Nebraska,Ram,18460,15840
Uganda,Hyena,26041,15841
Ecuador,Manatee,32981,15842
Luxembour,Sheep,16788,15843
CZECH_REP,Giant_Pan,20350,15844
Pennsylva,Goose,56298,15845
Ukraine,Poroderma,39716,15846
Nigeria,Rhizoprio,50738,15847
MARSHALL_,Jackal,73901,15848
Massachus,Orectolob,81748,15849
Louisiana,Camel,28584,15850
Canada,Zebra,95591,15851
New_Mexic,Swallow,48074,15852
Saudi_Ara,Squalifor,66992,15853
North_Car,Baboon,6398,15854
Pennsylva,Triakis,5057,15855
Maine,Jaguar,55512,15856
Australia,Giraffe,32250,15857
Alabama,Columbida,40760,15858
Vatican_C,Rhizoprio,28482,15859
Missouri,Skunk,58196,15860
WESTERN_S,Cheetah,38243,15861
Slovakia,Gerbil,6999,15862
Netherlan,Triaenodo,65639,15863
Taiwan,Hawk,78251,15864
Uruguay,Sphyrna_l,20652,15865
Hawaii,Louse,75912,15866
Colombia,Lamniform,47249,15867
Jordan,Isogompho,7302,15868
Nebraska,Pony,28977,15869
Maryland,Reindeer,67461,15870
Canada,Pony,65956,15871
Virginia,Jaguar,96905,15872
Monaco,Hornet,39161,15873
Georgia,Parmaturu,42250,15874
Malaysia,Rhinocero,74720,15875
Washingto,Parmaturu,84363,15876
Colombia,Pygmy_Sha,65576,15877
Slovakia,Fox,78390,15878
Dominica,Rhizoprio,580,15879
Nepal,Pinniped,24459,15880
Arizona,Gerbil,30275,15881
Vatican_C,Whale_Sha,56710,15882
Tonga,American_,34876,15883
Sweden,Prionace,95885,15884
Ireland,Bullhead_,32054,15885
Uzbekista,Pony,66188,15886
Alabama,Lamna,33853,15887
Malaysia,Peafowl,57268,15888
Maryland,Crow,32466,15889
Louisiana,Echinorhi,26815,15890
Oregon,Parmaturu,86601,15891
WESTERN_S,Ostrich,97851,15892
Morocco,Manatee,2739,15893
Spain,Anatidae,28463,15894
Pennsylva,Bison,49558,15895
Italy,Rhizoprio,7927,15896
Singapore,Nightinga,50864,15897
Ireland,Jaguar,66075,15898
Ukraine,Zebra,11095,15899
Tunisia,Whale_Sha,3212,15900
Morocco,Triakis,8714,15901
Cyprus,Crow,87946,15902
Arizona,Bullhead_,77681,15903
EQUATORIA,Donkey,8639,15904
Samoa,Flamingo,47004,15905
Malta,Triakis,37777,15906
Arizona,Hemiscyll,30958,15907
Sudan,Pristioph,7483,15908
Colombia,Baboon,87217,15909
Hawaii,Jackal,19066,15910
COSTA_RIC,Triaenodo,77992,15911
Uganda,Mallard,94416,15912
Sudan,Pinniped,53913,15913
Ghana,Hemitriak,84825,15914
Namibia,Poroderma,96664,15915
TRINIDAD_,Jackal,38637,15916
Wisconsin,Fox,11677,15917
Singapore,Anatidae,18549,15918
Ecuador,Pristioph,35638,15919
Illinois,Triakis,75755,15920
TRINIDAD_,Isogompho,49211,15921
Spain,Snipe,93601,15922
Dominica,Raven,78613,15923
Denmark,Mallard,81165,15924
Samoa,Lamna,21457,15925
Tennessee,Hamster,33851,15926
Louisiana,Hyena,91673,15927
Virginia,Hamster,34106,15928
Arizona,Mule,58079,15929
Wisconsin,Cormorant,13212,15930
TRINIDAD_,Baboon,69767,15931
North_Car,Rhinocero,87360,15932
Hawaii,Negaprion,53017,15933
New_Jerse,Guanaco,45805,15934
Spain,Magpie,8080,15935
Louisiana,Cobra,58662,15936
Netherlan,Rhinocero,1123,15937
Tunisia,Hemitriak,8131,15938
Tuvalu,Rhizoprio,283,15939
Tunisia,Coccinell,64492,15940
Oregon,Gazelle,6528,15941
EL_SALVAD,Skunk,27427,15942
Saudi_Ara,Chiloscyl,75023,15943
Spain,Hemiscyll,7127,15944
Pennsylva,Badger,12979,15945
Romania,Heron,80801,15946
Wisconsin,Echinorhi,15625,15947
Pennsylva,Columbida,38913,15948
Alabama,Angel_sha,56783,15949
EL_SALVAD,Mouse,71500,15950
Luxembour,Lion,48721,15951
Mississip,Anatidae,93572,15952
Romania,Wombat,36931,15953
Kiribati,Swan,29146,15954
Uruguay,Rhinocero,54671,15955
Lithuania,Reindeer,78326,15956
Zambia,Jaguar,10595,15957
Minnesota,American_,32142,15958
Namibia,Otter,879,15959
NEW_ZEALA,Pinniped,33184,15960
Ukraine,Sawshark,18136,15961
Nebraska,Giraffe,24039,15962
France,Louse,85347,15963
Michigan,Rhizoprio,52463,15964
Latvia,Peafowl,82880,15965
Slovakia,Giant_Pan,1630,15966
DOMINICAN,Gerbil,28882,15967
Spain,Cirrhoscy,56400,15968
Ghana,Raven,37729,15969
Tanzania,Mule,27956,15970
Nauru,Carcharhi,3529,15971
DOMINICAN,Quail,77614,15972
Missouri,Echinorhi,4987,15973
Tonga,Flamingo,63963,15974
Jordan,Flamingo,33900,15975
Malawi,Wombat,34489,15976
Wyoming,Swallow,6000,15977
Lithuania,Carcharhi,62120,15978
Tunisia,Wombat,8409,15979
North_Car,Alligator,42791,15980
Uruguay,Badger,23937,15981
Switzerla,Lamna,71045,15982
Zambia,Isogompho,63860,15983
Nauru,Wren,12339,15984
Michigan,Guanaco,2350,15985
Uruguay,Donkey,22239,15986
Pennsylva,Hamster,33561,15987
Switzerla,Hornet,82786,15988
Oregon,Triaenodo,4550,15989
Monaco,Cormorant,66256,15990
Massachus,Camel,20840,15991
Alabama,Hawk,48550,15992
New_Jerse,Reindeer,65461,15993
Finland,Flamingo,73861,15994
North_Car,Carcharhi,80827,15995
France,Cheetah,30955,15996
Tonga,Human,71482,15997
WESTERN_S,Prionace,69035,15998
Madagasca,Heron,9853,15999
Saudi_Ara,Swallow,22664,16000
